idx	blocks	profile	J
0	[[0, 1, 2, 3], [4], [5]]	(1, 1, 4)	0
1	[[0, 1, 2, 4], [3], [5]]	(1, 1, 4)	1/15
2	[[0, 1, 2], [3, 4], [5]]	(1, 2, 3)	0
3	[[0, 1, 2, 5], [3], [4]]	(1, 1, 4)	0
4	[[0, 1, 2], [3, 5], [4]]	(1, 2, 3)	1/15
5	[[0, 1, 2], [3], [4, 5]]	(1, 2, 3)	0
6	[[0, 1, 3, 4], [2], [5]]	(1, 1, 4)	1/15
7	[[0, 1, 3], [2, 4], [5]]	(1, 2, 3)	1/180
8	[[0, 1, 3, 5], [2], [4]]	(1, 1, 4)	1/15
9	[[0, 1, 3], [2, 5], [4]]	(1, 2, 3)	1/180
10	[[0, 1, 3], [2], [4, 5]]	(1, 2, 3)	1/15
11	[[0, 1, 4], [2, 3], [5]]	(1, 2, 3)	1/15
12	[[0, 1], [2, 3, 4], [5]]	(1, 2, 3)	0
13	[[0, 1, 5], [2, 3], [4]]	(1, 2, 3)	0
14	[[0, 1], [2, 3, 5], [4]]	(1, 2, 3)	1/15
15	[[0, 1], [2, 3], [4, 5]]	(2, 2, 2)	0
16	[[0, 1, 4, 5], [2], [3]]	(1, 1, 4)	0
17	[[0, 1, 4], [2, 5], [3]]	(1, 2, 3)	1/180
18	[[0, 1, 4], [2], [3, 5]]	(1, 2, 3)	1/180
19	[[0, 1, 5], [2, 4], [3]]	(1, 2, 3)	1/15
20	[[0, 1], [2, 4, 5], [3]]	(1, 2, 3)	1/15
21	[[0, 1], [2, 4], [3, 5]]	(2, 2, 2)	1/180
22	[[0, 1, 5], [2], [3, 4]]	(1, 2, 3)	0
23	[[0, 1], [2, 5], [3, 4]]	(2, 2, 2)	1/15
24	[[0, 1], [2], [3, 4, 5]]	(1, 2, 3)	0
25	[[0, 2, 3, 4], [1], [5]]	(1, 1, 4)	1/15
26	[[0, 2, 3], [1, 4], [5]]	(1, 2, 3)	1/180
27	[[0, 2, 3, 5], [1], [4]]	(1, 1, 4)	1/15
28	[[0, 2, 3], [1, 5], [4]]	(1, 2, 3)	1/180
29	[[0, 2, 3], [1], [4, 5]]	(1, 2, 3)	1/15
30	[[0, 2, 4], [1, 3], [5]]	(1, 2, 3)	11/630
31	[[0, 2], [1, 3, 4], [5]]	(1, 2, 3)	1/180
32	[[0, 2, 5], [1, 3], [4]]	(1, 2, 3)	1/180
33	[[0, 2], [1, 3, 5], [4]]	(1, 2, 3)	11/630
34	[[0, 2], [1, 3], [4, 5]]	(2, 2, 2)	1/180
35	[[0, 2, 4, 5], [1], [3]]	(1, 1, 4)	1/15
36	[[0, 2, 4], [1, 5], [3]]	(1, 2, 3)	11/630
37	[[0, 2, 4], [1], [3, 5]]	(1, 2, 3)	11/630
38	[[0, 2, 5], [1, 4], [3]]	(1, 2, 3)	1/180
39	[[0, 2], [1, 4, 5], [3]]	(1, 2, 3)	1/180
40	[[0, 2], [1, 4], [3, 5]]	(2, 2, 2)	1/420
41	[[0, 2, 5], [1], [3, 4]]	(1, 2, 3)	1/15
42	[[0, 2], [1, 5], [3, 4]]	(2, 2, 2)	1/180
43	[[0, 2], [1], [3, 4, 5]]	(1, 2, 3)	1/15
44	[[0, 3, 4], [1, 2], [5]]	(1, 2, 3)	1/15
45	[[0, 3], [1, 2, 4], [5]]	(1, 2, 3)	1/180
46	[[0, 3, 5], [1, 2], [4]]	(1, 2, 3)	1/15
47	[[0, 3], [1, 2, 5], [4]]	(1, 2, 3)	1/180
48	[[0, 3], [1, 2], [4, 5]]	(2, 2, 2)	1/15
49	[[0, 4], [1, 2, 3], [5]]	(1, 2, 3)	1/15
50	[[0], [1, 2, 3, 4], [5]]	(1, 1, 4)	0
51	[[0, 5], [1, 2, 3], [4]]	(1, 2, 3)	0
52	[[0], [1, 2, 3, 5], [4]]	(1, 1, 4)	1/15
53	[[0], [1, 2, 3], [4, 5]]	(1, 2, 3)	0
54	[[0, 4, 5], [1, 2], [3]]	(1, 2, 3)	0
55	[[0, 4], [1, 2, 5], [3]]	(1, 2, 3)	1/180
56	[[0, 4], [1, 2], [3, 5]]	(2, 2, 2)	1/180
57	[[0, 5], [1, 2, 4], [3]]	(1, 2, 3)	1/15
58	[[0], [1, 2, 4, 5], [3]]	(1, 1, 4)	1/15
59	[[0], [1, 2, 4], [3, 5]]	(1, 2, 3)	1/180
60	[[0, 5], [1, 2], [3, 4]]	(2, 2, 2)	0
61	[[0], [1, 2, 5], [3, 4]]	(1, 2, 3)	1/15
62	[[0], [1, 2], [3, 4, 5]]	(1, 2, 3)	0
63	[[0, 3, 4, 5], [1], [2]]	(1, 1, 4)	0
64	[[0, 3, 4], [1, 5], [2]]	(1, 2, 3)	1/180
65	[[0, 3, 4], [1], [2, 5]]	(1, 2, 3)	1/180
66	[[0, 3, 5], [1, 4], [2]]	(1, 2, 3)	1/180
67	[[0, 3], [1, 4, 5], [2]]	(1, 2, 3)	1/180
68	[[0, 3], [1, 4], [2, 5]]	(2, 2, 2)	1/420
69	[[0, 3, 5], [1], [2, 4]]	(1, 2, 3)	1/180
70	[[0, 3], [1, 5], [2, 4]]	(2, 2, 2)	1/420
71	[[0, 3], [1], [2, 4, 5]]	(1, 2, 3)	1/180
72	[[0, 4, 5], [1, 3], [2]]	(1, 2, 3)	1/15
73	[[0, 4], [1, 3, 5], [2]]	(1, 2, 3)	11/630
74	[[0, 4], [1, 3], [2, 5]]	(2, 2, 2)	1/420
75	[[0, 5], [1, 3, 4], [2]]	(1, 2, 3)	1/15
76	[[0], [1, 3, 4, 5], [2]]	(1, 1, 4)	1/15
77	[[0], [1, 3, 4], [2, 5]]	(1, 2, 3)	1/180
78	[[0, 5], [1, 3], [2, 4]]	(2, 2, 2)	1/180
79	[[0], [1, 3, 5], [2, 4]]	(1, 2, 3)	11/630
80	[[0], [1, 3], [2, 4, 5]]	(1, 2, 3)	1/180
81	[[0, 4, 5], [1], [2, 3]]	(1, 2, 3)	0
82	[[0, 4], [1, 5], [2, 3]]	(2, 2, 2)	1/180
83	[[0, 4], [1], [2, 3, 5]]	(1, 2, 3)	1/180
84	[[0, 5], [1, 4], [2, 3]]	(2, 2, 2)	1/15
85	[[0], [1, 4, 5], [2, 3]]	(1, 2, 3)	1/15
86	[[0], [1, 4], [2, 3, 5]]	(1, 2, 3)	1/180
87	[[0, 5], [1], [2, 3, 4]]	(1, 2, 3)	0
88	[[0], [1, 5], [2, 3, 4]]	(1, 2, 3)	1/15
89	[[0], [1], [2, 3, 4, 5]]	(1, 1, 4)	0
